{
   "set": "test",
   "iou": 0.5,
   "precision": [
      1.0,
      1.0,
      1.0,
      1.0,
      1.0,
      1.0,
      1.0,
      0.875,
      0.8888888888888888,
      0.9,
      0.9090909090909092,
      0.9166666666666666,
      0.9230769230769232,
      0.9285714285714286,
      0.9333333333333332,
      0.9375,
      0.9411764705882352,
      0.9444444444444444,
      0.9473684210526316,
      0.95,
      0.9523809523809524,
      0.9545454545454546,
      0.9565217391304348,
      0.9583333333333334,
      0.96,
      0.9615384615384616,
      0.9629629629629628,
      0.9642857142857144,
      0.9655172413793104,
      0.9666666666666668,
      0.967741935483871,
      0.96875,
      0.9696969696969696,
      0.9411764705882352,
      0.9428571428571428,
      0.9444444444444444,
      0.945945945945946,
      0.9210526315789472,
      0.8974358974358975,
      0.875,
      0.8780487804878049,
      0.8571428571428571,
      0.8372093023255814,
      0.8181818181818182
   ],
   "recall": [
      0.02127659574468085,
      0.0425531914893617,
      0.06382978723404255,
      0.0851063829787234,
      0.10638297872340426,
      0.1276595744680851,
      0.14893617021276595,
      0.14893617021276595,
      0.1702127659574468,
      0.1914893617021277,
      0.2127659574468085,
      0.23404255319148934,
      0.2553191489361702,
      0.2765957446808511,
      0.2978723404255319,
      0.3191489361702128,
      0.3404255319148936,
      0.3617021276595745,
      0.3829787234042553,
      0.40425531914893614,
      0.425531914893617,
      0.44680851063829785,
      0.4680851063829787,
      0.4893617021276596,
      0.5106382978723404,
      0.5319148936170213,
      0.5531914893617021,
      0.5744680851063829,
      0.5957446808510638,
      0.6170212765957447,
      0.6382978723404256,
      0.6595744680851063,
      0.6808510638297872,
      0.6808510638297872,
      0.7021276595744681,
      0.7234042553191491,
      0.7446808510638298,
      0.7446808510638298,
      0.7446808510638298,
      0.7446808510638298,
      0.7659574468085106,
      0.7659574468085106,
      0.7659574468085106,
      0.7659574468085106
   ]
}