{
   "AP": 0.8018648018648019,
   "rhoInterp": [
      0,
      0,
      0,
      0.9743589743589745,
      0.9743589743589745,
      0.9743589743589745,
      0.9743589743589745,
      0.9743589743589745,
      0.9743589743589745,
      0.9743589743589745,
      0.9743589743589745,
      1.0,
      1.0,
      0
   ],
   "recallValues": [
      1.0,
      0.9,
      0.8,
      0.8,
      0.7000000000000001,
      0.6000000000000001,
      0.5,
      0.4,
      0.30000000000000004,
      0.2,
      0.1,
      0.1,
      0.0,
      0
   ],
   "Misc": null
}