{
   "AP": 0.7901565017889822,
   "Interpolated Precision": [
      1.0,
      1.0,
      1.0,
      1.0,
      1.0,
      1.0,
      1.0,
      1.0,
      0.9736842105263158,
      0.9736842105263158,
      0.9736842105263158,
      0.9736842105263158,
      0.9736842105263158,
      0.9736842105263158,
      0.9736842105263158,
      0.9736842105263158,
      0.9736842105263158,
      0.9736842105263158,
      0.9736842105263158,
      0.9736842105263158,
      0.9736842105263158,
      0.9736842105263158,
      0.9736842105263158,
      0.9736842105263158,
      0.9736842105263158,
      0.9736842105263158,
      0.9736842105263158,
      0.9736842105263158,
      0.9736842105263158,
      0.9736842105263158,
      0.9736842105263158,
      0.9736842105263158,
      0.9736842105263158,
      0.9736842105263158,
      0.9736842105263158,
      0.9736842105263158,
      0.9736842105263158,
      0.9736842105263158,
      0.9736842105263158,
      0.9487179487179488,
      0.9268292682926829,
      0.9268292682926829,
      0.9047619047619048,
      0.8837209302325582,
      0.8636363636363636,
      0
   ],
   "Interpolated Recall": [
      0,
      0.02127659574468085,
      0.0425531914893617,
      0.06382978723404255,
      0.0851063829787234,
      0.10638297872340426,
      0.1276595744680851,
      0.14893617021276595,
      0.14893617021276595,
      0.1702127659574468,
      0.1914893617021277,
      0.2127659574468085,
      0.23404255319148934,
      0.2553191489361702,
      0.2765957446808511,
      0.2978723404255319,
      0.3191489361702128,
      0.3404255319148936,
      0.3617021276595745,
      0.3829787234042553,
      0.40425531914893614,
      0.425531914893617,
      0.44680851063829785,
      0.4680851063829787,
      0.4893617021276596,
      0.5106382978723404,
      0.5319148936170213,
      0.5531914893617021,
      0.5744680851063829,
      0.5957446808510638,
      0.6170212765957447,
      0.6382978723404256,
      0.6595744680851063,
      0.6808510638297872,
      0.7021276595744681,
      0.7234042553191491,
      0.7446808510638298,
      0.7659574468085106,
      0.7872340425531915,
      0.7872340425531915,
      0.7872340425531915,
      0.8085106382978723,
      0.8085106382978723,
      0.8085106382978723,
      0.8085106382978723,
      1
   ],
   "Misc": [
      1,
      2,
      3,
      4,
      5,
      6,
      7,
      9,
      10,
      11,
      12,
      13,
      14,
      15,
      16,
      17,
      18,
      19,
      20,
      21,
      22,
      23,
      24,
      25,
      26,
      27,
      28,
      29,
      30,
      31,
      32,
      33,
      34,
      35,
      36,
      37,
      38,
      41,
      45
   ]
}