{
   "AP": 0.7971758664955072,
   "rhoInterp": [
      0,
      0,
      0,
      0.9268292682926829,
      0.9268292682926829,
      0.9736842105263158,
      0.9736842105263158,
      0.9736842105263158,
      0.9736842105263158,
      0.9736842105263158,
      0.9736842105263158,
      0.9736842105263158,
      1.0,
      1.0,
      0
   ],
   "recallValues": [
      1.0,
      0.9,
      0.8,
      0.8,
      0.7000000000000001,
      0.7000000000000001,
      0.6000000000000001,
      0.5,
      0.4,
      0.30000000000000004,
      0.2,
      0.1,
      0.1,
      0.0,
      0
   ],
   "Misc": null
}