{
   "AP": 0.7125307125307125,
   "rhoInterp": [
      0,
      0,
      0,
      0,
      0.972972972972973,
      0.972972972972973,
      0.972972972972973,
      0.972972972972973,
      0.972972972972973,
      0.972972972972973,
      0.972972972972973,
      1.0,
      1.0,
      0
   ],
   "recallValues": [
      1.0,
      0.9,
      0.8,
      0.7000000000000001,
      0.7000000000000001,
      0.6000000000000001,
      0.5,
      0.4,
      0.30000000000000004,
      0.2,
      0.1,
      0.1,
      0.0,
      0
   ],
   "Misc": null
}