{
   "AP": 0.7085846176755267,
   "rhoInterp": [
      0,
      0,
      0,
      0,
      0.945945945945946,
      0.945945945945946,
      0.9696969696969696,
      0.9696969696969696,
      0.9696969696969696,
      0.9696969696969696,
      0.9696969696969696,
      0.9696969696969696,
      1.0,
      1.0,
      0
   ],
   "recallValues": [
      1.0,
      0.9,
      0.8,
      0.7000000000000001,
      0.7000000000000001,
      0.6000000000000001,
      0.6000000000000001,
      0.5,
      0.4,
      0.30000000000000004,
      0.2,
      0.1,
      0.1,
      0.0,
      0
   ],
   "Misc": null
}