{
   "AP": 0.7307692307692307,
   "Interpolated Precision": [
      1.0,
      1.0,
      1.0,
      1.0,
      1.0,
      1.0,
      1.0,
      1.0,
      1.0,
      1.0,
      1.0,
      1.0,
      1.0,
      1.0,
      1.0,
      1.0,
      1.0,
      1.0,
      1.0,
      1.0,
      1.0,
      1.0,
      1.0,
      1.0,
      1.0,
      1.0,
      1.0,
      1.0,
      1.0,
      1.0,
      1.0,
      1.0,
      1.0,
      1.0,
      1.0,
      1.0,
      1.0,
      1.0,
      1.0,
      0.9743589743589745,
      0
   ],
   "Interpolated Recall": [
      0,
      0.019230769230769232,
      0.038461538461538464,
      0.0576923076923077,
      0.07692307692307693,
      0.09615384615384616,
      0.1153846153846154,
      0.1346153846153846,
      0.15384615384615385,
      0.17307692307692307,
      0.19230769230769232,
      0.21153846153846154,
      0.2307692307692308,
      0.25,
      0.2692307692307692,
      0.28846153846153844,
      0.3076923076923077,
      0.3269230769230769,
      0.3461538461538461,
      0.36538461538461536,
      0.38461538461538464,
      0.40384615384615385,
      0.4230769230769231,
      0.4423076923076923,
      0.4615384615384616,
      0.4807692307692308,
      0.5,
      0.5192307692307693,
      0.5384615384615384,
      0.5576923076923077,
      0.5769230769230769,
      0.5961538461538461,
      0.6153846153846154,
      0.6346153846153846,
      0.6538461538461539,
      0.6730769230769231,
      0.6923076923076923,
      0.7115384615384616,
      0.7307692307692307,
      0.7307692307692307,
      1
   ],
   "Misc": [
      1,
      2,
      3,
      4,
      5,
      6,
      7,
      8,
      9,
      10,
      11,
      12,
      13,
      14,
      15,
      16,
      17,
      18,
      19,
      20,
      21,
      22,
      23,
      24,
      25,
      26,
      27,
      28,
      29,
      30,
      31,
      32,
      33,
      34,
      35,
      36,
      37,
      38,
      40
   ]
}